id,name,description,image_url,created_at
1,Warli Art,"Warli Art is a traditional tribal art form that originated in the tribal regions of Maharashtra, India. This art is famous for its simplicity and unique style, characterized by geometric shapes like circles, triangles, and squares. The paintings primarily depict scenes from daily life, nature, and religious themes, often focusing on rural life and the community's connection to the environment. Warli paintings are made using white pigment on mud walls or canvases. The geometric patterns represent human and animal forms, nature, and divine forces. This art form is passed down through generations and serves as a medium for social storytelling. The simplicity of Warli Art brings out the beauty of life in its raw form, creating a harmonious connection between man, nature, and spiritual beliefs. The art has gained international recognition for its unique aesthetic and its ability to preserve traditional tribal culture.","https://upload.wikimedia.org/wikipedia/commons/thumb/9/94/Painted_prayers%2C_Warli_paintings%2C_at_Sanskriti_Kendra%2C_Anandagram%2C_New_Delhi.jpg/220px-Painted_prayers%2C_Warli_paintings%2C_at_Sanskriti_Kendra%2C_Anandagram%2C_New_Delhi.jpg","2025-02-06 10:00:00"
2,Holi Festival,"Holi is one of the most widely celebrated festivals in India, known as the 'Festival of Colors.' It is celebrated to mark the arrival of spring, the victory of good over evil, and the beginning of a new harvest season. The festival is celebrated with great enthusiasm, where people throw colored powders at each other, sing songs, dance, and indulge in festive foods and drinks. Holi also symbolizes the victory of Prahlad, a devotee of Lord Vishnu, over his demon father, Hiranyakashipu. The day before Holi is celebrated as Holika Dahan, where bonfires are lit to signify the burning away of evil. On the day of Holi, people gather in open spaces and participate in the throwing of vibrant colors, creating a lively atmosphere. The festival is marked by unity, joy, and the breaking of social barriers. It encourages people to come together and celebrate the beauty of diversity, friendship, and love. Holi is also a time for people to forgive past grievances and strengthen bonds with family and friends.","https://www.fabhotels.com/blog/wp-content/uploads/2019/01/Holi600x400.jpg:cf-webp:w-450:h-240","2025-02-06 10:10:00"
3,Madhubani Art,"Madhubani painting, also known as Mithila art, is a traditional Indian art form that originated in the Mithila region of Bihar. It is characterized by intricate patterns and vibrant colors, often created using natural dyes. The paintings depict scenes from Hindu mythology, nature, and daily life, including depictions of gods, goddesses, animals, and plants. What sets Madhubani art apart is the absence of space between the designs, creating a dense pattern that flows continuously. The use of bold colors like red, yellow, green, and blue gives the paintings a distinct visual appeal. Artists traditionally use fingers, twigs, brushes, and even matchsticks to create the designs, ensuring that each piece is unique. Madhubani paintings are deeply symbolic, with each motif carrying a specific meaning, such as peace, prosperity, and love. The art form is not just a form of visual expression but also a way of preserving cultural stories and beliefs. It has gained worldwide recognition, with contemporary artists blending traditional techniques with modern themes.","https://www.tallengestore.com/cdn/shop/files/PeacockAndFish-MadhubaniPainting-FolkArtOfIndia_0d86010e-0f58-4166-958e-4586959d7093.jpg?v=1733380885","2025-02-06 10:20:00"
4,Diwali Festival,"Diwali, also known as the 'Festival of Lights,' is one of the most significant and widely celebrated festivals in India. It marks the triumph of good over evil and light over darkness, symbolizing the victory of Lord Rama over the demon king Ravana. Diwali is celebrated by millions of people across the world, particularly in India, by lighting oil lamps (diyas), bursting firecrackers, and decorating homes with colorful rangoli patterns. It is also a time for exchanging gifts, wearing new clothes, and enjoying delicious sweets. Families come together to perform prayers to Goddess Lakshmi, the goddess of wealth, and Lord Ganesha, the remover of obstacles, to ensure prosperity in the coming year. The festival's vibrant celebrations, along with its deep cultural and spiritual significance, foster a sense of community and togetherness. Diwali also encourages individuals to reflect on their personal journey, cleanse their hearts, and promote the welfare of others. The festival of Diwali has transcended religious boundaries and is now celebrated by people of all cultures and backgrounds, making it a global symbol of hope and joy.","https://i.natgeofe.com/n/7e33fdf8-c549-4cc6-99c2-a66bf6cad079/GettyImages-1778646120_16x9.jpg?w=1200","2025-02-06 10:30:00"
5,Kathak Dance,"Kathak is a classical dance form from North India, which is known for its intricate footwork, spins, and expressive storytelling through movement. It traces its roots to ancient Hindu temples, where dancers used to narrate stories from epics like the Ramayana and Mahabharata. Kathak dancers use their feet to create rhythmic patterns that accompany traditional music, and their movements express emotions through facial expressions, hand gestures, and eye movements. The dance form evolved over centuries, with influences from Mughal, Persian, and Central Asian dance styles, creating a fusion of storytelling and dramatic expression. Today, Kathak is performed on stage as a solo or group dance, with performances typically accompanied by tabla (drums), sitar, and other classical instruments. Kathak requires great skill, flexibility, and precision, with dancers spending years honing their techniques. It remains one of India's most respected classical dance forms and continues to captivate audiences worldwide with its beauty, grace, and emotional depth.","https://encrypted-tbn0.gstatic.com/images?q=tbn:ANd9GcRrYuzp7KdN7EO6Icjiv9spN6ZtDdIT8-1GXw&s","2025-02-06 10:40:00"
6,Bharatanatyam Dance,"Bharatanatyam is a classical dance form originating from Tamil Nadu in South India. It is one of the oldest and most popular dance forms in India, characterized by its graceful movements, intricate footwork, and expressive hand gestures (mudras). Bharatanatyam is rooted in the Natya Shastra, an ancient Indian treatise on performing arts, and it is traditionally performed as a solo dance by female dancers. The dance is known for its fixed upper torso, bent legs, and swift footwork, which are combined with storytelling elements such as facial expressions, hand gestures, and body movements. The themes of Bharatanatyam performances often include Hindu mythology, devotion to deities, and tales from the epics. This dance form is accompanied by classical Carnatic music and is usually performed during temple festivals or on stage. Bharatanatyam is also used as a means of spiritual expression, as it involves deep devotion and an intense connection to the divine. Today, it remains a popular and respected dance form worldwide.","https://aaradhanakalakendra.in/assets/img/dance/bharatnatyam.webp","2025-02-06 10:50:00"
7,Rangoli Art,"Rangoli is a traditional Indian folk art form that involves creating decorative patterns on the ground using colored powders, rice, sand, flower petals, or even dry leaves. Rangoli is commonly made during festivals and auspicious occasions like Diwali, Onam, and Pongal, and is considered a symbol of good luck and prosperity. The patterns are often geometric, including flowers, animals, or abstract designs, and are created in front of homes or temples to welcome guests and deities. The art form is not just a visual delight but also a means of expressing creativity and cultural heritage. Each region of India has its own style of Rangoli, with variations in the colors used and the design patterns. The creation of Rangoli brings together family members and communities, fostering a spirit of togetherness. It is a form of offering to gods and a means of invoking positive energies into the home.","https://encrypted-tbn0.gstatic.com/images?q=tbn:ANd9GcRqZje56LR2iiasddaobG0XAt9PwfHB6ZA53w&s","2025-02-06 11:00:00"
8,Pongal Festival,"Pongal is a major harvest festival celebrated in Tamil Nadu, India. It is a four-day festival that marks the beginning of the sun's northward journey, known as the Uttarayanam, and is dedicated to the harvest season. The first day of Pongal is known as Bhogi, where people discard old belongings and celebrate new beginnings. The second day, the main Pongal day, involves cooking a dish called 'Pongal' using newly harvested rice, which is offered to the sun god as a sign of gratitude. The third day is known as Maatu Pongal, where cattle are decorated and honored for their role in farming. The fourth day, known as Kaanum Pongal, is a time for family gatherings and celebrating the harvest together. Pongal is celebrated with traditional dances, music, and elaborate feasts, making it a joyous and community-centric festival. The festival holds immense cultural significance and is an occasion to express gratitude for the abundance of nature.","https://www.indianhealthyrecipes.com/wp-content/uploads/2021/01/pongal-ven-pongal.jpg","2025-02-06 11:10:00"
9,Dhokra Art,"Dhokra Art is a traditional form of metal casting that has been practiced in central and eastern India for centuries. The art form is known for its intricate, folk motifs and figurative designs, often depicting animals, tribal deities, and mythological figures. Dhokra works are made using the lost-wax technique, a method that involves creating a wax model of the desired design, coating it with clay, and then heating the mold until the wax melts away, leaving a hollow space. Molten metal is then poured into the mold to create the final sculpture. This process results in unique, rustic, and antique-like metal figures, which are highly valued for their craftsmanship. Dhokra Art is commonly associated with the tribal communities of India, such as the Gonds, Kols, and Santhals, who have been using this technique for generations. Traditionally, Dhokra Art was used to create jewelry, idols, and decorative pieces, and it continues to be a popular form of art for both cultural expression and as a marketable craft. Despite the advent of modern techniques, Dhokra Art has maintained its relevance, with artisans still practicing this ancient art form in rural areas of India. The distinctive style of Dhokra is a testament to the resourcefulness and creativity of the tribes, utilizing local resources to create timeless, hand-crafted treasures.","https://encrypted-tbn0.gstatic.com/images?q=tbn:ANd9GcRn_UhfbtE0ACDQ4oQEdNK8lYZuCC-laz5JJQ&s","2025-02-06 11:20:00"
10,Bihu Festival,"Bihu is the main festival of Assam, a state in northeastern India, and it is celebrated thrice a year. The most prominent among these is Rongali Bihu, which marks the Assamese New Year and is celebrated in April. The festival celebrates the arrival of spring, the harvesting season, and the rich cultural heritage of the Assamese people. During Rongali Bihu, traditional dances, known as Bihu dances, are performed to celebrate the abundance of nature and to welcome a new agricultural cycle. The dances are characterized by fast footwork, hand movements, and rhythmic clapping, which represent the joy and vitality of the season. In addition to the dance, Bihu also includes feasting, singing, and the preparation of traditional dishes. Families come together to celebrate the festival, wearing traditional Assamese attire, exchanging greetings, and offering prayers for prosperity and happiness. Bihu plays a significant role in the social and cultural life of Assam, symbolizing unity, renewal, and respect for nature. It is a time for people to come together to celebrate not only the season but also the bonds of community and family.","https://encrypted-tbn0.gstatic.com/images?q=tbn:ANd9GcTWyQBd_qpOZj2HAw91xiJY5n__s7ixggGasg&s","2025-02-06 11:30:00"
11,Chhau Dance,"Chhau is a semi-classical Indian dance form that has its origins in the eastern regions of India, particularly in the states of Jharkhand, Odisha, and West Bengal. The dance is known for its energetic movements, intricate footwork, and the use of elaborate masks. It is a fusion of martial, tribal, and folk traditions, and its performances often depict stories from Hindu mythology, such as the battle between good and evil. Chhau dance is unique in that it incorporates elements of storytelling, physical strength, and grace. The dancers wear elaborate costumes and masks that represent various mythological characters and gods. The dance involves vigorous movements and acrobatics, including leaps, jumps, and spins, which are accompanied by rhythmic drumming and music. Chhau is performed during festivals and cultural events, particularly during the spring festival of Chaitra Parva, and it has become an integral part of the cultural heritage of eastern India. The dance form was inscribed on UNESCO's Representative List of the Intangible Cultural Heritage of Humanity, recognizing its significance as an ancient art form.","https://encrypted-tbn0.gstatic.com/images?q=tbn:ANd9GcQ55-KhBqKiUGVF-Z0Fmy__X1_rXjxqfesXaQ&s","2025-02-06 11:40:00"
12,Onam Festival,"Onam is one of the most important and widely celebrated festivals in Kerala, a state in southern India. It is a harvest festival that marks the homecoming of the mythical King Mahabali, who is believed to visit his people once every year. Onam usually falls in the Malayalam month of Chingam, which corresponds to August or September in the Gregorian calendar. The festival spans ten days, and the celebrations include a variety of activities such as boat races, traditional dances, musical performances, and elaborate feasts. The highlight of Onam is the Onam Sadhya, a traditional feast that consists of a wide array of vegetarian dishes served on a banana leaf. The food is prepared with great care and is an essential part of the celebrations. Onam also involves intricate flower arrangements called 'Pookalam,' as well as the famous 'Vallam Kali,' a boat race that takes place on the backwaters of Kerala. The festival is a time for family gatherings, cultural performances, and the expression of joy, prosperity, and gratitude for the harvest. Onam is celebrated with much enthusiasm and is an important expression of the culture and heritage of Kerala.","https://encrypted-tbn0.gstatic.com/images?q=tbn:ANd9GcQNFoY_i0dFVPVy6n4aqbA0ZRPnpBxYa3bvUg&s","2025-02-06 11:50:00"
13,Pattachitra Art,"Pattachitra is a traditional form of scroll painting that originates from the state of Odisha, with a style that is characterized by intricate details, vibrant colors, and religious themes. The paintings are done on cloth or dried palm leaves and often depict stories from Hindu mythology, particularly those related to Lord Jagannath, Lord Krishna, and other deities. Pattachitra art is known for its unique style, where each painting is made with fine brushwork and is often bordered by intricate geometric patterns. The paintings are often adorned with motifs such as flowers, animals, and scenes from epics like the Mahabharata and Ramayana. The process of creating Pattachitra involves applying natural colors to the surface and then outlining the designs with intricate details. Pattachitra artists also use a technique called 'theka,' where they create textured surfaces by adding a mixture of chalk and tamarind seeds. The paintings are used to decorate temples, homes, and ceremonial spaces, and they hold great religious significance. Today, Pattachitra paintings are also sold as decorative art and are considered an important part of India's rich artistic traditions.","https://encrypted-tbn0.gstatic.com/images?q=tbn:ANd9GcTcydpfMrrxtrBGYdmy1M4dnLxNuQoXc5vkGA&s","2025-02-06 12:00:00"
14,Navratri Festival,"Navratri is a nine-night Hindu festival celebrated across India, dedicated to the worship of the goddess Durga. The festival is observed with fasting, prayers, music, and dance, and it symbolizes the triumph of good over evil. Each day of Navratri is dedicated to a different form of Durga, and devotees engage in rituals and prayers to honor her. The most prominent part of the festival is the traditional dance forms, including Garba and Dandiya, which are performed during the evenings. Garba involves circular dance movements that are performed in sync with the rhythm of traditional music, while Dandiya involves the use of decorated sticks that are rhythmically struck together in pairs. Navratri is a time of community gatherings, with people coming together to celebrate with dances, songs, and prayers. The festival culminates on the tenth day, known as Vijayadashami or Dussehra, which marks the victory of Durga over the demon Mahishasura. The celebration of Navratri is not only a religious event but also a cultural one, with people participating in traditional customs, wearing festive attire, and enjoying delicious food.","https://encrypted-tbn0.gstatic.com/images?q=tbn:ANd9GcTcydpfMrrxtrBGYdmy1M4dnLxNuQoXc5vkGA&s","2025-02-06 12:10:00"
15,Kalamkari Art,"Kalamkari is a traditional Indian art form that involves hand-painting or block-printing on fabric, and it is especially practiced in the states of Andhra Pradesh and Telangana. The word 'Kalamkari' comes from two Persian words â€“ 'kalam' meaning pen and 'kari' meaning craftsmanship, which reflects the use of a pen or brush to create intricate designs. Kalamkari art is characterized by its vivid colors, detailed patterns, and depictions of Hindu mythology, nature, and animals. The process of creating Kalamkari art involves several steps, including the preparation of the fabric, sketching the design, and applying natural dyes to create vibrant, lasting colors. The themes of Kalamkari often focus on the stories of Hindu gods and goddesses, including the Ramayana and Mahabharata. The art form has ancient roots and was traditionally used to decorate temples, clothing, and religious artifacts. Today, Kalamkari is not only used for religious purposes but is also popular in the fashion industry, where it is used to create vibrant scarves, sarees, and home decor items. Kalamkari art is celebrated for its craftsmanship and its ability to preserve the cultural narratives of India.","https://encrypted-tbn0.gstatic.com/images?q=tbn:ANd9GcRLBFhZSVBag6H2JcghFdq-iXF56kbjwml8mw&s","2025-02-06 12:20:00"
16,Durga Puja,"Durga Puja is one of the most significant Hindu festivals, celebrated predominantly in West Bengal, honoring Goddess Durga. It spans ten days, culminating in Vijayadashami. During this period, pandals are erected, and idols of Durga are worshipped. The festival is marked by vibrant decorations, cultural performances, traditional foods, and processions. Devotees celebrate Durga's victory over the demon Mahishasura, symbolizing the triumph of good over evil. The final day involves the immersion of the Durga idols in water, marking the end of the celebrations.","https://encrypted-tbn0.gstatic.com/images?q=tbn:ANd9GcQCmATsvFb_YuEoVYhaYY0Fgoka9AC15wyRhg&s","2025-02-06 12:30:00"
17,Makar Sankranti Festival,"Makar Sankranti marks the sun's entry into Capricorn, celebrated across India, with kite flying, bonfires, and the exchange of sesame and jaggery sweets. It is a harvest festival, symbolizing the end of winter and the beginning of the harvest season. The festival is also a time for spiritual rituals, such as bathing in holy rivers, offering prayers to the Sun God, and gathering around bonfires. It's a time for family reunions, and people celebrate with music, dancing, and social gatherings.","https://encrypted-tbn0.gstatic.com/images?q=tbn:ANd9GcS4sv4ujugOEKdmn_-tfDNUclR3yQOEa_hbsA&s","2025-02-06 12:40:00"
18,Tanjore Painting,"Tanjore painting is a classical South Indian art form from Tamil Nadu, known for its intricate detailing and use of gold foil. Originating in the 16th century, these paintings are typically religious in nature, depicting Hindu deities and mythological scenes. The paintings are made using natural dyes, gold foil, and sometimes gemstones, giving them a distinctive luminous finish. Tanjore paintings are highly valued for their craftsmanship and spiritual significance, often used in temples and homes for worship and decoration.","https://www.india-a2z.com/images/radha-krishna-tanjore-painting.jpg","2025-02-06 12:50:00"
