id,name,description,location,image_url,category,created_at
1,Taj Mahal,"The Taj Mahal, one of the most iconic monuments in the world, stands as a magnificent symbol of love and architectural brilliance. Located on the banks of the Yamuna River in Agra, Uttar Pradesh, this UNESCO World Heritage site is widely regarded as the epitome of Mughal architecture. Commissioned by Emperor Shah Jahan in 1632 in memory of his beloved wife Mumtaz Mahal, the Taj Mahal took approximately 22 years to complete, with an estimated 20,000 workers, artisans, and architects involved in its construction. The white marble mausoleum, set against the backdrop of lush gardens and water features, has become synonymous with elegance, precision, and grandeur. The Taj Mahal's architecture blends Persian, Ottoman Turkish, and Indian styles, creating a unique and harmonious structure. The most striking feature of the monument is its white marble dome, which stands at a height of 35 meters and is surrounded by four minarets, which are slightly tilted outward to avoid the risk of collapse in case of an earthquake. The marble is inlaid with intricate floral designs, made from semi-precious stones such as lapis lazuli, jade, and turquoise, creating an awe-inspiring visual effect. The tomb's interior, where the remains of Shah Jahan and Mumtaz Mahal are housed, is a serene and solemn space, further enhancing the sense of peace and eternal love that the monument embodies. The Taj Mahal's gardens, also known as the Char Bagh, are a reflection of paradise in Islamic tradition. The garden is divided into four parts by water channels that lead towards the central dome, creating a sense of tranquility and harmony.","Agra, Uttar Pradesh",https://images.unsplash.com/photo-1564507592333-c60657eea523?q=80&w=1471&auto=format&fit=crop&ixlib=rb-4.0.3&ixid=M3wxMjA3fDB8MHxwaG90by1wYWdlfHx8fGVufDB8fHx8fA%3D%3D,Monument,2025-02-05 00:00:00
2,Qutub Minar,"Qutub Minar, located in the heart of Delhi, is a monumental tower that stands as one of the finest examples of Indo-Islamic Afghan architecture. Standing at an impressive height of 73 meters, this historic structure was constructed in the early 13th century by Qutb-ud-din Aibak, the founder of the Delhi Sultanate. The construction of Qutub Minar is believed to be completed under the rule of his successor, Iltutmish, and its purpose was to celebrate the Muslim victory in India and to serve as a minaret for the nearby Quwwat-ul-Islam mosque. Made of red sandstone, the Qutub Minar is adorned with intricate carvings and inscriptions from the Quran, making it an excellent example of the artistic beauty of the period. The tower is composed of five distinct stories, each decorated with balconies that project outwards, creating a grand visual appeal. The first floor is more intricately decorated than the upper floors, with detailed inscriptions and geometric designs, and the tower tapers slightly as it rises to the top. The architectural style of the tower is inspired by Persian and Central Asian designs, incorporating elements such as arches and domes, and showcasing an impressive blend of Islamic artistry and architectural prowess. Qutub Minar has withstood centuries of wear and tear, surviving earthquakes and the passage of time. It remains an iconic symbol of Delhi’s rich historical and cultural heritage. In addition to its architectural significance, the monument also serves as a testament to the resilience and ingenuity of the builders who constructed it without the aid of modern technology.",Delhi,https://images.unsplash.com/photo-1632426237957-5ea14aae7100?q=80&w=1470&auto=format&fit=crop&ixlib=rb-4.0.3&ixid=M3wxMjA3fDB8MHxwaG90by1wYWdlfHx8fGVufDB8fHx8fA%3D%3D,Monument,2025-02-05 00:01:00
3,Red Fort,"The Red Fort, or Lal Qila, is a historic fortress located in the heart of Delhi, India, that stands as a symbol of Mughal power and grandeur. Built between 1638 and 1648 by Emperor Shah Jahan, the fort served as the main residence for the Mughal emperors for nearly 200 years. It is a UNESCO World Heritage site and one of the most visited tourist attractions in Delhi. The architecture of the Red Fort is a fusion of Persian, Timurid, and Indian styles, and its design is a true reflection of the Mughal dynasty's strength, wealth, and cultural influence. The fort's high walls, which stretch over 2 kilometers, enclose a series of palaces, mosques, and audience halls. The most notable structure within the Red Fort is the Diwan-i-Aam, or Hall of Public Audiences, which was the site for the emperor's public address and where he would meet with his subjects. Another significant structure is the Diwan-i-Khas, the Hall of Private Audiences, which was used by the emperor to meet with his ministers and dignitaries. The fort's architectural beauty is matched by its detailed decorations, including ornate carvings, intricate marble inlays, and stunning frescoes. One of the most impressive features of the Red Fort is the Lal Qila's central pavilion, known as the Shah Burj, which houses the emperor’s private quarters. The fort has witnessed numerous historical events, including India's independence from British rule in 1947, when Prime Minister Jawaharlal Nehru hoisted the Indian national flag for the first time on the fort's ramparts. Today, the Red Fort stands as a proud reminder of India's Mughal heritage and remains a significant symbol of the country’s history and independence.",Delhi,https://images.unsplash.com/photo-1602230349009-82f740989e4c?q=80&w=1423&auto=format&fit=crop&ixlib=rb-4.0.3&ixid=M3wxMjA3fDB8MHxwaG90by1wYWdlfHx8fGVufDB8fHx8fA%3D%3D,Fort,2025-02-05 00:02:00
4,Khajuraho Group of Monuments,"The Khajuraho Group of Monuments, located in the Chhatarpur district of Madhya Pradesh, India, is a UNESCO World Heritage site known for its exquisite temples and breathtaking sculptures. The temples were built between 950 and 1050 AD during the Chandela dynasty, and they are widely regarded as one of the finest examples of medieval Hindu architecture. The Khajuraho temples are famous for their intricate carvings and sculptures, which depict a wide range of subjects, including religious themes, mythological stories, and scenes of everyday life. The sculptures, which cover almost every inch of the temples' surfaces, are considered masterpieces of Indian art and reflect the artistic brilliance of the Chandela rulers. The temples are divided into three main groups: the Western Group, the Eastern Group, and the Southern Group, each showcasing distinct styles and architectural features. The most famous of these temples is the Kandariya Mahadev Temple, which is dedicated to Lord Shiva and is known for its towering spire and detailed carvings. The temples of Khajuraho are also renowned for their erotic sculptures, which have sparked much interest and debate over the years. These sculptures, which are not explicit but rather symbolically suggestive, are believed to represent the celebration of life, love, and spirituality. Visitors to the Khajuraho Group of Monuments are not only treated to stunning architectural beauty but also to a fascinating glimpse into the spiritual and cultural values of ancient India. The temples continue to stand as a testament to the skill and creativity of the craftsmen who created them, and they remain a must-visit destination for history and architecture enthusiasts.","Khajuraho, Madhya Pradesh",https://images.unsplash.com/photo-1606298855672-3efb63017be8?q=80&w=1470&auto=format&fit=crop&ixlib=rb-4.0.3&ixid=M3wxMjA3fDB8MHxwaG90by1wYWdlfHx8fGVufDB8fHx8fA%3D%3D,Temple,2025-02-05 00:03:00
5,Gateway of India,"The Gateway of India, located in Mumbai, Maharashtra, is one of India's most recognizable landmarks and an iconic symbol of the city. This monumental archway, standing 26 meters tall, was constructed in 1911 to commemorate the visit of King George V and Queen Mary to India. The gateway is situated at the waterfront of the Arabian Sea, offering visitors a stunning view of the sea and the bustling city. The monument is built in a blend of Hindu and Muslim architectural styles, which is characteristic of the period in which it was constructed. The Gateway of India features an intricate design that includes elements of Islamic architecture, such as the large arch and the use of yellow basalt and concrete, as well as Indo-Saracenic elements such as the ornate decoration and the inclusion of domes. The monument is located near the Taj Mahal Palace Hotel and was originally intended to be the ceremonial entrance to India for the British Raj. The structure’s significance grew even more after India gained independence in 1947. On that momentous occasion, the last British troops left India through the Gateway of India, marking the end of British colonial rule. Today, the Gateway of India stands as a tribute to India's freedom and sovereignty. It is also a popular tourist destination, drawing millions of visitors each year who come to admire its architectural beauty, learn about its historical significance, and enjoy the scenic views it offers. The monument is often lit up during national events and celebrations, adding to its grandeur and making it a prominent feature of Mumbai's skyline.","Mumbai, Maharashtra",https://images.unsplash.com/photo-1625731226721-b4d51ae70e20?q=80&w=1528&auto=format&fit=crop&ixlib=rb-4.0.3&ixid=M3wxMjA3fDB8MHxwaG90by1wYWdlfHx8fGVufDB8fHx8fA%3D%3D,Monument,2025-02-05 00:04:00
6,Ajanta and Ellora Caves,"The Ajanta and Ellora Caves, located near the city of Aurangabad in Maharashtra, are two of the most remarkable and historically significant rock-cut cave complexes in India. Dating back to as early as the 2nd century BCE, these caves represent the artistic, architectural, and religious evolution of ancient India. The Ajanta caves, a series of 30 rock-cut Buddhist cave temples, were carved into the cliffs of a gorge along the Waghora River. These caves feature intricate frescoes, murals, and sculptures depicting the life and teachings of Buddha, providing a rare glimpse into the development of Buddhist art and iconography during ancient times. The paintings in Ajanta, known for their vivid colors and intricate detail, illustrate stories from the Jataka tales, which are stories of the previous lives of the Buddha, as well as scenes from his life and the Bodhisattva path. The Ellora caves, a larger complex with 34 caves, represent a unique blend of religious traditions, including Hinduism, Buddhism, and Jainism. Ellora is known for its grand architecture and monumental sculptures, the most impressive being the Kailasa Temple (Cave 16), which is a single monolithic structure carved out of the rock. It is considered an architectural wonder, with intricate carvings depicting scenes from Hindu mythology, particularly from the Ramayana and Mahabharata. These caves not only showcase the religious diversity of ancient India but also reflect the advanced engineering skills and artistic talents of the craftsmen who created them. Ajanta and Ellora together serve as a testament to India’s rich cultural and artistic heritage.","Aurangabad, Maharashtra",https://images.unsplash.com/photo-1620558601903-9f2441730121?q=80&w=1471&auto=format&fit=crop&ixlib=rb-4.0.3&ixid=M3wxMjA3fDB8MHxwaG90by1wYWdlfHx8fGVufDB8fHx8fA%3D%3D,Cave Complex,2025-02-05 00:05:00
7,Sanchi Stupa,"The Sanchi Stupa, one of the oldest stone structures in India, is a symbol of peace and enlightenment. Built by Emperor Ashoka in the 3rd century BCE, it contains relics of Lord Buddha and is adorned with beautifully carved gateways. The stupa is an architectural marvel that reflects the Buddhist principles of simplicity, meditation, and non-violence. It is part of the Sanchi Group of Monuments, which is a UNESCO World Heritage site located in Madhya Pradesh. The stupa itself consists of a hemispherical dome, symbolizing the world, and is surrounded by four elaborately carved gateways, known as toranas. These gateways depict important events in the life of Lord Buddha and are a fine example of Buddhist narrative art. The site is also home to numerous other structures, including monasteries and temples, which provide valuable insights into the history and spread of Buddhism in ancient India. The Sanchi Stupa, with its spiritual significance, continues to be a place of pilgrimage for Buddhists worldwide.","Sanchi, Madhya Pradesh",https://images.unsplash.com/photo-1581280445448-ab465a010046?q=80&w=1472&auto=format&fit=crop&ixlib=rb-4.0.3&ixid=M3wxMjA3fDB8MHxwaG90by1wYWdlfHx8fGVufDB8fHx8fA%3D%3D,Buddhist Site,2025-02-05 00:06:00
8,Humayun's Tomb,"Humayun's Tomb, a masterpiece of Mughal architecture, was commissioned by Empress Bega Begum in memory of her husband, Emperor Humayun. This UNESCO World Heritage site, located in Delhi, was built in the 16th century and is considered the precursor to the Taj Mahal in terms of architectural style and grandeur. The tomb features a large central dome surrounded by lush gardens, reflecting the Mughal fascination with symmetry and Persian-inspired design. The tomb is set amidst a beautiful Mughal garden, which symbolizes paradise and represents the fusion of Islamic, Persian, Ottoman, and Indian architectural traditions. The structure itself is constructed from red sandstone and marble, with intricate carvings and decorative elements that highlight the skilled craftsmanship of the time. Humayun's Tomb not only holds historical and architectural importance but also serves as a testament to the Mughal Empire's grandeur and the legacy of Emperor Humayun.","Delhi",https://images.unsplash.com/photo-1646938691456-a03d01a8276a?q=80&w=1470&auto=format&fit=crop&ixlib=rb-4.0.3&ixid=M3wxMjA3fDB8MHxwaG90by1wYWdlfHx8fGVufDB8fHx8fA%3D%3D,Tomb,2025-02-05 00:07:00
9,Meghalaya's Living Root Bridges,"The Living Root Bridges of Meghalaya are a unique example of bioengineering. Created by training the aerial roots of rubber trees, these bridges are strong, eco-friendly, and have been used by locals for centuries to cross streams and rivers. Located in the Khasi Hills of Meghalaya, these bridges are a testament to the ingenuity of the indigenous Khasi people, who have been using this method of building bridges for generations. The roots of the rubber trees are guided and manipulated to grow across streams and rivers, forming natural, living structures that are both functional and durable. The process takes several years, and some of these bridges can be hundreds of years old. The Living Root Bridges have gained international recognition for their ecological sustainability, as they are a part of the natural environment and do not require any external materials or artificial construction. They provide a unique and stunning example of human interaction with nature, where architecture and ecology merge seamlessly.","Meghalaya",https://imgs.search.brave.com/22rBhUSFuE4Uia6wqD4RNc1izkbVA6jIdJd2bj7nk8I/rs:fit:860:0:0:0/g:ce/aHR0cHM6Ly9tZWRp/YS5nZXR0yW1hZ2Vz/LmNvbS9pZC81MjEz/NjAyMTIvcGhvdG8v/bGl2aW5nLXJvb3Qt/YnJpZGdlLW1lZ2hh/bGF5YS1pbmRpYS1h/c2lhLmpwZz9zPTYx/Mng2MTImdz0wJms9/MjAmYz1IOUNidEQv/QzE1YVBtR3c1d1dJ/XzY0eVZzU21GRlA4/eGw4a0FlcktoSVRt/az0,Bridge,2025-02-05 00:08:00
10,India Gate,"The India Gate, located in New Delhi, is a war memorial built in memory of the soldiers of the British Indian Army who died during World War I. Standing at a height of 42 meters, it is one of the most iconic landmarks in India. The monument is surrounded by lush lawns and fountains, making it a popular spot for both locals and tourists. The India Gate was designed by Sir Edwin Lutyens and is constructed from red and yellow sandstone. At the base of the gate, there is an eternal flame, also known as the Amar Jawan Jyoti, which honors the soldiers who died in wars after India gained independence. The India Gate serves as a reminder of the sacrifices made by the soldiers for the country and is a place of national significance. It has also become a symbol of pride, patriotism, and remembrance for the people of India.","New Delhi",https://images.unsplash.com/photo-1587474299692-8b4f0f65a328?q=80&w=1470&auto=format&fit=crop&ixlib=rb-4.0.3&ixid=M3wxMjA3fDB8MHxwaG90by1wYWdlfHx8fGVufDB8fHx8fA%3D%3D,Monument,2025-02-05 00:09:00
11,Rock Shelters of Bhimbetka,"The Bhimbetka rock shelters, located near Bhopal in Madhya Pradesh, are an extraordinary site that showcases some of the earliest evidence of human life and culture in India. These caves, which date back to the Paleolithic era, contain prehistoric rock paintings that offer a glimpse into the lives of early humans who once inhabited these shelters. The site is a testament to the ingenuity and creativity of these ancient communities. The paintings depict a variety of scenes, including hunting, dancing, and animals, which suggest that early humans lived a life closely connected to nature. The Bhimbetka rock shelters, which have been carved into the rocks over millennia, also reflect the different stages of human evolution, with artwork evolving from simple geometric patterns to more sophisticated depictions of daily life. In addition to the rock paintings, the site also contains remnants of tools and other artifacts that provide insights into the early stages of human development. As one of the oldest known cultural sites in India, the Bhimbetka rock shelters offer a fascinating look into the beginnings of human civilization and the dawn of art and culture.","Bhopal, Madhya Pradesh",https://upload.wikimedia.org/wikipedia/commons/thumb/2/21/1_of_the_rock_shelter_caves_at_Bhimbetka%2C_Madhya_Pradesh.jpg/800px-1_of_the_rock_shelter_caves_at_Bhimbetka%2C_Madhya_Pradesh.jpg,Cave,2025-02-05 00:10:00
12,Nalanda University,"Nalanda University, located in the town of Nalanda in Bihar, was one of the most renowned centers of learning in ancient India and is considered a precursor to modern universities. Founded in the 5th century CE by Kumaragupta I, it quickly became one of the largest and most prestigious educational institutions in the world. Nalanda was a residential university, attracting scholars, students, and intellectuals from all corners of Asia, including China, Korea, Japan, Tibet, Mongolia, Sri Lanka, and Southeast Asia. It was primarily known for its emphasis on Buddhist studies, with many of its courses focusing on the teachings of Buddha, logic, philosophy, and the various branches of Indian sciences. Nalanda’s library, known as Dharmaganja, housed hundreds of thousands of manuscripts, which were considered the best collection of knowledge in the world at the time. The university was a vibrant intellectual hub where debates, discussions, and the exchange of ideas flourished. Nalanda’s legacy as a center of knowledge and intellectual thought continues to inspire scholars and educators today. The ruins of Nalanda University, which were rediscovered in the 19th century, have been recognized as a UNESCO World Heritage site, and ongoing efforts are being made to preserve and study the site to better understand the great academic achievements of this ancient institution.","Nalanda, Bihar",https://images.unsplash.com/photo-1695721718632-f7390322d52d?q=80&w=1631&auto=format&fit=crop&ixlib=rb-4.0.3&ixid=M3wxMjA3fDB8MHxwaG90by1wYWdlfHx8fGVufDB8fHx8fA%3D%3D,University,2025-02-05 00:11:00
13,Chilika Lake,"Chilika Lake, located along the eastern coast of India in the state of Odisha, is the largest coastal lagoon in the country and one of the largest in the world. Covering an area of approximately 1,100 square kilometers, Chilika is a rich ecological site and a major hotspot for biodiversity. The lake is known for its diverse ecosystem, which includes a variety of aquatic species, migratory birds, and unique flora and fauna. It serves as a crucial breeding ground for many species of fish and supports a significant fishing community. Chilika is also an important stopover for migratory birds traveling along the East Asia-Australasia flyway, attracting birdwatchers and nature enthusiasts from around the globe. The lake’s unique landscape, with its shimmering waters, islands, and reed beds, creates a serene and picturesque environment, making it a popular destination for tourists. Additionally, Chilika is home to several small islands, such as Nalabana Island, which is a bird sanctuary, and the Kalijai Temple, which is situated on an island in the heart of the lake. The ecological and cultural significance of Chilika Lake has earned it recognition as a Ramsar Wetland of International Importance, and it is an integral part of the local economy, tourism, and conservation efforts.","Odisha",https://upload.wikimedia.org/wikipedia/commons/thumb/9/94/Birds_eyeview_of_Chilika_Lake.jpg/800px-Birds_eyeview_of_Chilika_Lake.jpg,Lake,2025-02-05 10:00:00
14,Elephanta Caves,"The Elephanta Caves, situated on Elephanta Island near Mumbai, are an ancient collection of rock-cut temples dedicated to Lord Shiva. These caves, believed to have been carved between the 5th and 8th centuries CE, are famous for their detailed sculptures and intricate carvings, which represent various aspects of Hindu mythology. The most notable feature of the Elephanta Caves is the Trimurti, a massive sculpture of Lord Shiva with three heads, which is a representation of the three aspects of the god—creator, preserver, and destroyer. This iconic sculpture stands at the entrance of the main cave and is one of the most famous Hindu sculptures in the world. The caves also feature various depictions of Shiva’s marriage to Parvati, his cosmic dance, and the mythological stories associated with him. The Elephanta Caves are not only a marvel of ancient Indian architecture and artistry but also a symbol of India’s rich cultural heritage and the deep spiritual connection between the land and its gods. The caves, now a UNESCO World Heritage site, continue to attract tourists and devotees alike, offering a glimpse into the religious and artistic practices of ancient India. The journey to the Elephanta Caves involves a scenic boat ride from Mumbai, which adds to the overall charm and allure of this historic site.","Mumbai, Maharashtra",https://upload.wikimedia.org/wikipedia/commons/thumb/d/d9/Elephanta_Caves_Trimurti.jpg/800px-Elephanta_Caves_Trimurti.jpg,Cave Complex,2025-02-05 10:01:00
15,Mehrangarh Fort,"Mehrangarh Fort, located in Jodhpur, Rajasthan, is one of the largest and most impressive forts in India. Built in the 15th century by Rao Jodha, the fort is perched atop a hill and offers stunning views of the surrounding desert landscape. The fort’s massive walls, which rise up to 36 meters in height, enclose a complex of palaces, temples, and courtyards that showcase the architectural brilliance of the Rajput era. Mehrangarh is renowned for its intricate carvings, beautifully painted walls, and exquisite detailing, which can be seen in its many chambers, including the Sheesh Mahal (Palace of Mirrors) and Phool Mahal (Palace of Flowers). The fort is also home to a museum that houses a rich collection of artifacts, including armor, weapons, and paintings, which provide insight into the history and culture of Rajasthan. Mehrangarh’s strategic location and its imposing architecture made it an important military stronghold during its time. Today, the fort stands as a symbol of Rajasthan’s royal history and is a popular tourist attraction, drawing visitors with its fascinating history, magnificent architecture, and panoramic views of Jodhpur and the Thar Desert.","Jodhpur, Rajasthan",https://upload.wikimedia.org/wikipedia/commons/thumb/9/9f/Jodhpur_mehrangarh_fort.jpg/1024px-Jodhpur_mehrangarh_fort.jpg,Fort,2025-02-05 10:02:00
16,Jaipur City,"Jaipur, also known as the Pink City, is one of India's most vibrant and culturally rich cities. This city, the capital of Rajasthan, is renowned for its stunning architecture, which showcases the grandeur of the Rajput era. Jaipur was founded in 1727 by Maharaja Jai Singh II, and it quickly became a prominent center for trade, art, and culture. Today, it is one of the most popular tourist destinations in India, attracting millions of visitors every year. The city's historical significance is reflected in its palaces, forts, and temples, which have stood the test of time. One of the most iconic landmarks of Jaipur is the Hawa Mahal, also known as the Palace of Winds. This five-story structure was built in 1799 by Maharaja Sawai Pratap Singh, and its unique architecture features 953 small windows, or jharokhas, designed to allow royal women to observe street life without being seen. The Hawa Mahal's intricate facade and delicate latticework make it one of the most photographed monuments in Jaipur. Another must-see monument in Jaipur is the Amber Fort, a majestic hilltop fortress located just outside the city. Amber Fort, with its red sandstone and white marble construction, is a fine example of Rajput architecture. It is famous for its grand entrance, the Suraj Pol, and its beautiful Sheesh Mahal, or Mirror Palace, where intricate mirror work adorns the walls and ceilings. The fort's many courtyards, gardens, and temples make it a fascinating place to explore. The City Palace, located in the heart of Jaipur, is another architectural marvel that showcases the city’s royal heritage. Built by Maharaja Sawai Jai Singh II, the City Palace is a blend of Rajput and Mughal architectural styles, with its courtyards, gardens, and museums offering a glimpse into the opulent lifestyle of the royal family. The palace also houses several museums that display artifacts from Jaipur's royal history, including costumes, weapons, and miniature paintings. Jaipur’s rich cultural heritage is also reflected in its colorful bazaars, where visitors can shop for traditional handicrafts, textiles, and jewelry. The Johari Bazaar is particularly famous for its exquisite jewelry, including gemstones like the famous Jaipur blue sapphires. The city is also known for its vibrant festivals, including the Jaipur Literature Festival, the Elephant Festival, and the Teej Festival, where the streets come alive with processions, music, and dance. Jaipur is also a culinary haven, offering a variety of traditional Rajasthani dishes like dal baati churma, gatte ki sabzi, and laal maas, a spicy mutton curry. The city's cuisine is influenced by its royal history, and food enthusiasts can explore the city's many restaurants and food stalls to taste these delicacies. Jaipur's strategic location in Rajasthan, surrounded by the Aravalli hills, adds to its charm. The city enjoys a semi-arid climate, with hot summers, mild winters, and moderate rainfall. This makes the best time to visit Jaipur between October and March, when the weather is cooler and more pleasant. Jaipur's connectivity with other parts of India is also excellent, with frequent train and bus services, as well as an international airport. As a UNESCO World Heritage City, Jaipur continues to attract visitors from around the world who come to admire its beauty, history, and culture. Its vibrant atmosphere, rich heritage, and architectural masterpieces make Jaipur an essential part of any itinerary for travelers looking to explore the heart of Rajasthan. Whether it's exploring the intricately designed palaces, wandering through the colorful markets, or sampling the local cuisine, Jaipur offers something for everyone and continues to captivate the hearts of all who visit.","Jaipur, Rajasthan",https://upload.wikimedia.org/wikipedia/commons/thumb/4/41/East_facade_Hawa_Mahal_Jaipur_from_ground_level_%28July_2022%29_-img_01.jpg/800px-East_facade_Hawa_Mahal_Jaipur_from_ground_level%28July_2022%29_-_img_01.jpg,City,2025-02-05 10:03:00
17,Fatehpur Sikri,"Fatehpur Sikri, an abandoned city located near Agra in Uttar Pradesh, is a remarkable example of Mughal architecture and history. It was built by Emperor Akbar in the late 16th century and served as the Mughal capital for a brief period. The city is an architectural wonder, with a mix of Persian, Indian, and Mughal styles that reflect the grandeur and power of the Mughal Empire during Akbar’s reign. Fatehpur Sikri was originally constructed as a tribute to the Sufi saint Sheikh Salim Chisti, whose tomb is located within the city. The city’s most iconic structure is the Buland Darwaza, the grand gateway that stands as a symbol of Akbar’s victory over Gujarat. This towering archway, made of red sandstone, is one of the largest in the world and is adorned with intricate carvings and inscriptions in Persian. The city is also home to several other stunning structures, including the Jama Masjid, one of the largest mosques in India, and the Diwan-i-Khas, an audience hall where Akbar would meet with his ministers and advisors. Another notable feature of Fatehpur Sikri is the Panch Mahal, a five-story palace with open balconies, which provides a panoramic view of the surrounding area. The city’s layout and design demonstrate Akbar’s interest in blending architectural aesthetics with functional design. Fatehpur Sikri was abandoned shortly after Akbar’s death, primarily due to the scarcity of water in the region. Despite its abandonment, the city’s ruins remain remarkably well-preserved and serve as a testament to the brilliance of Mughal architecture. The red sandstone buildings and courtyards evoke a sense of the city’s former grandeur, and visitors can still explore the many sites within Fatehpur Sikri, including the royal palaces, the tomb of Sheikh Salim Chisti, and the various mosques and gateways that once served as the heart of the Mughal court. Fatehpur Sikri is a UNESCO World Heritage Site, recognized for its historical significance and architectural beauty. The city offers a unique glimpse into the past and provides a peaceful, serene atmosphere where visitors can reflect on the legacy of the Mughal Empire. Today, Fatehpur Sikri is a popular tourist destination, attracting visitors from around the world who come to explore the ruins of this once-great city. It is easily accessible from Agra, making it a popular day trip for those visiting the Taj Mahal. The best time to visit Fatehpur Sikri is during the cooler months, from October to March, when the weather is more pleasant for sightseeing. Despite its history of abandonment, Fatehpur Sikri remains a symbol of the brilliance and ambition of the Mughal Empire. Its unique blend of Persian, Indian, and Mughal architectural styles, along with its historical significance, make it one of India’s most important heritage sites. For those interested in history, architecture, or photography, Fatehpur Sikri is a must-visit destination that offers a fascinating journey back in time.","Agra, Uttar Pradesh",https://upload.wikimedia.org/wikipedia/commons/thumb/b/b5/Fatehput_Sikiri_Buland_Darwaza_gate_2010.jpg/800px-Fatehput_Sikiri_Buland_Darwaza_gate_2010.jpg,Ford City,2025-02-05 10:04:00
18,Victoria Memorial,"The Victoria Memorial, located in the heart of Kolkata, West Bengal, is one of the most iconic landmarks in India. This grand white marble building was constructed in the early 20th century in memory of Queen Victoria, the British monarch who reigned over India during the British colonial period. The memorial is a blend of British and Mughal architectural styles, featuring elements such as domes, arches, and intricate carvings, which reflect the fusion of Western and Eastern design principles. The memorial stands as a symbol of British colonial rule in India, and it houses a museum that showcases a vast collection of artifacts from the colonial era. These artifacts include paintings, sculptures, textiles, and documents, offering visitors a glimpse into the history of British India. The Victoria Memorial is surrounded by lush, well-maintained gardens that add to the beauty of the structure. These gardens are a popular destination for locals and tourists alike, providing a peaceful space for relaxation and reflection. The memorial’s location near the Maidan, a large urban park in Kolkata, makes it easily accessible to visitors. The building itself is surrounded by a large reflecting pool, which adds to the majestic aura of the monument. The Victoria Memorial is not only a historical landmark but also an architectural masterpiece. The building's grandeur and elegance make it a favorite subject for photographers, especially during sunrise and sunset when the soft light reflects off the marble surface. The Victoria Memorial is an important cultural and historical site, and it continues to attract visitors from all over the world. It is also a popular venue for cultural events, exhibitions, and performances, making it a dynamic and vibrant part of Kolkata's cultural scene. The memorial is open to visitors throughout the week, and it is particularly busy during major public holidays and festivals. The best time to visit the Victoria Memorial is during the cooler months of the year, from October to March, when the weather is more comfortable for exploring the monument and its surroundings. The Victoria Memorial also offers a stunning view of the city skyline and the Hooghly River, making it an ideal spot for sightseeing and photography. Visitors to Kolkata can easily combine a visit to the Victoria Memorial with other popular attractions in the city, such as the Howrah Bridge, Kalighat Temple, and the Indian Museum. As one of Kolkata’s most famous landmarks, the Victoria Memorial is a must-visit destination for those interested in history, architecture, and the colonial legacy of India. Its blend of beauty, history, and cultural significance makes it one of the most important monuments in India, and it continues to stand as a testament to the legacy of British India.","Kolkata, West Bengal",https://upload.wikimedia.org/wikipedia/commons/thumb/7/72/Victoria_Memorial_situated_in_Kolkata.jpg/1280px-Victoria_Memorial_situated_in_Kolkata.jpg,Monument,2025-02-05 10:05:00
19,Manas Wildlife Sanctuary,"Manas Wildlife Sanctuary, located in the northeastern state of Assam, is a UNESCO World Heritage Site and one of the most biodiverse regions in India. The sanctuary is famous for its rich flora and fauna, including many endangered species, making it an important conservation area. The sanctuary is home to the one-horned rhinoceros, a species that is critically endangered and found only in the Indian subcontinent. In addition to the rhinoceros, Manas is also home to other endangered species such as the Bengal tiger, clouded leopard, and pygmy hog. The sanctuary is also a birdwatcher's paradise, with over 450 species of birds, including several rare and migratory species. Manas Wildlife Sanctuary is known for its pristine landscapes, which include grasslands, forests, and wetlands, providing a habitat for a wide range of wildlife. The sanctuary is located at the foothills of the Bhutan Himalayas and is part of the larger Manas Tiger Reserve, which spans the international border between India and Bhutan. The sanctuary is a haven for wildlife enthusiasts, photographers, and nature lovers, who come to explore its diverse ecosystems and witness the incredible wildlife that inhabits the area. Manas is one of the few places in India where you can experience the beauty of the Indian subcontinent's natural heritage in such an unspoiled state. The sanctuary is also important for its role in the conservation of the Assamese culture and traditions, as it is closely connected to the indigenous communities that have lived in the area for centuries. The sanctuary is managed by the Assam Forest Department and has made significant strides in the protection and conservation of wildlife, with several successful breeding programs for endangered species. Visitors to Manas Wildlife Sanctuary can enjoy a range of activities, including wildlife safaris, birdwatching, and nature walks. The sanctuary offers a chance to experience the unspoiled beauty of the region and to spot some of India’s most elusive and endangered wildlife species. The best time to visit Manas is from November to April, when the weather is cool and dry, making it ideal for wildlife viewing. During this time, visitors are more likely to see the elusive creatures that call the sanctuary home, including tigers, rhinoceroses, and leopards. Manas is also an excellent destination for eco-tourism and offers accommodations ranging from luxury resorts to eco-lodges, making it accessible to a wide range of travelers. For those who are passionate about wildlife conservation and enjoy exploring remote and pristine natural environments, Manas Wildlife Sanctuary is a must-visit destination.","Assam",https://upload.wikimedia.org/wikipedia/commons/thumb/d/d8/Manas_National_Park.jpg/800px-Manas_National_Park.jpg,Wildlife Sanctuary,2025-02-05 10:06:00
20,Sundarbans Mangrove Forest,"The Sundarbans Mangrove Forest, located in the delta region of West Bengal, is one of the most unique and ecologically significant places in India. It is the largest mangrove forest in the world and is recognized as a UNESCO World Heritage Site. The forest is known for its rich biodiversity and its role as a habitat for the Royal Bengal tiger, one of the most iconic and endangered species in the world. The Sundarbans is a vast network of tidal waterways, islands, and dense mangrove forests that stretch across an area of approximately 10,000 square kilometers. The region is home to a wide range of species, including saltwater crocodiles, spotted deer, wild boars, and various species of birds, reptiles, and fish. The dense mangrove trees in the Sundarbans play a critical role in protecting the coastline from erosion and storm surges, making it an important natural barrier against climate change. The forest is also crucial for maintaining the health of the region’s marine ecosystem, as the mangroves provide a breeding ground for fish and other marine life. The Sundarbans is a haven for nature lovers and wildlife photographers, offering a chance to explore one of the most pristine and biodiverse ecosystems in the world. Visitors can take boat tours through the winding waterways to spot the elusive Royal Bengal tiger, as well as other wildlife species. The best time to visit the Sundarbans is during the winter months, from November to February, when the weather is cool and dry, making it ideal for wildlife viewing and exploration. The Sundarbans is a remote and challenging place to access, but it is a truly unique destination for those who want to experience the raw beauty of nature. The Sundarbans is also home to several indigenous communities who have lived in the region for generations, relying on the forest’s resources for their livelihood. These communities have a deep connection to the land and are actively involved in conservation efforts to protect the ecosystem and its wildlife. The Sundarbans has been the subject of several conservation projects, aimed at protecting the endangered species and preserving the unique ecosystem for future generations. Visitors to the Sundarbans Mangrove Forest can learn about the region’s ecology, the importance of mangroves, and the role of local communities in conservation efforts. For those interested in eco-tourism, wildlife conservation, and exploring remote natural environments, the Sundarbans is a must-visit destination that offers a truly unforgettable experience.","West Bengal",https://upload.wikimedia.org/wikipedia/commons/thumb/6/6b/Save_the_sundarbans_20.jpg/1024px-Save_the_sundarbans_20.jpg,Forest,2025-02-05 10:07:00