id,name,email,password,profile_picture,created_at
1,Aarav Sharma,aarav.sharma@example.com,hashedpassword1,,2025-02-05 10:00:00
2,Isha Verma,isha.verma@example.com,hashedpassword2,,2025-02-05 10:10:00
3,Vihan Patel,vihan.patel@example.com,hashedpassword3,,2025-02-05 10:20:00
4,Anika Gupta,anika.gupta@example.com,hashedpassword4,,2025-02-05 10:30:00
5,Krish Iyer,krish.iyer@example.com,hashedpassword5,,2025-02-05 10:40:00
6,Aanya Mehta,aanya.mehta@example.com,hashedpassword6,,2025-02-05 10:50:00
7,Vihaan Nair,vihaan.nair@example.com,hashedpassword7,,2025-02-05 11:00:00
8,Pranav Bajaj,pranav.bajaj@example.com,hashedpassword8,,2025-02-05 11:10:00
9,Mira Sinha,mira.sinha@example.com,hashedpassword9,,2025-02-05 11:20:00
10,Aaryan Rao,aaryan.rao@example.com,hashedpassword10,,2025-02-05 11:30:00
11,Riya Malhotra,riya.malhotra@example.com,hashedpassword11,,2025-02-05 11:40:00
12,Aadya Thakur,aadya.thakur@example.com,hashedpassword12,,2025-02-05 11:50:00
13,Samar Joshi,samar.joshi@example.com,hashedpassword13,,2025-02-05 12:00:00
14,Nisha Das,nisha.das@example.com,hashedpassword14,,2025-02-05 12:10:00
15,Ishaan Reddy,ishaan.reddy@example.com,hashedpassword15,,2025-02-05 12:20:00
16,Kavya Deshmukh,kavya.deshmukh@example.com,hashedpassword16,,2025-02-05 12:30:00
17,Advik Kapoor,advik.kapoor@example.com,hashedpassword17,,2025-02-05 12:40:00
18,Saanvi Rao,saanvi.rao@example.com,hashedpassword18,,2025-02-05 12:50:00
19,Aryan Kumar,aryan.kumar@example.com,hashedpassword19,,2025-02-05 13:00:00
20,Navya Aggarwal,navya.aggarwal@example.com,hashedpassword20,,2025-02-05 13:10:00
21,Rudra Shetty,rudra.shetty@example.com,hashedpassword21,,2025-02-05 13:20:00
22,Meera Jain,meera.jain@example.com,hashedpassword22,,2025-02-05 13:30:00
23,Kabir Chaudhary,kabir.chaudhary@example.com,hashedpassword23,,2025-02-05 13:40:00
24,Anvi Yadav,anvi.yadav@example.com,hashedpassword24,,2025-02-05 13:50:00
25,Arjun Sharma,arjun.sharma@example.com,hashedpassword25,,2025-02-05 14:00:00
26,Tanvi Ghosh,tanvi.ghosh@example.com,hashedpassword26,,2025-02-05 14:10:00
27,Arya Kulkarni,arya.kulkarni@example.com,hashedpassword27,,2025-02-05 14:20:00
28,Ved Mishra,ved.mishra@example.com,hashedpassword28,,2025-02-05 14:30:00
29,Ananya Gupta,ananya.gupta@example.com,hashedpassword29,,2025-02-05 14:40:00
30,Arnav Singh,arnav.singh@example.com,hashedpassword30,,2025-02-05 14:50:00
31,Tara Nair,tara.nair@example.com,hashedpassword31,,2025-02-05 15:00:00
32,Vihaan Kapoor,vihaan.kapoor@example.com,hashedpassword32,,2025-02-05 15:10:00
33,Shruti Patel,shruti.patel@example.com,hashedpassword33,,2025-02-05 15:20:00
34,Aayush Reddy,aayush.reddy@example.com,hashedpassword34,,2025-02-05 15:30:00
35,Ahana Das,ahana.das@example.com,hashedpassword35,,2025-02-05 15:40:00
36,Aria Shah,aria.shah@example.com,hashedpassword36,,2025-02-05 15:50:00
37,Harsh Mehta,harsh.mehta@example.com,hashedpassword37,,2025-02-05 16:00:00
38,Yash Iyer,yash.iyer@example.com,hashedpassword38,,2025-02-05 16:10:00
39,Kriti Choudhury,kriti.choudhury@example.com,hashedpassword39,,2025-02-05 16:20:00
40,Rajesh Nair,rajesh.nair@example.com,hashedpassword40,,2025-02-05 16:30:00
41,Nitya Kapoor,nitya.kapoor@example.com,hashedpassword41,,2025-02-05 16:40:00
42,Karthik Reddy,karthik.reddy@example.com,hashedpassword42,,2025-02-05 16:50:00
43,Anshul Thakur,anshul.thakur@example.com,hashedpassword43,,2025-02-05 17:00:00
44,Sanjana Rao,sanjana.rao@example.com,hashedpassword44,,2025-02-05 17:10:00
45,Rahul Malhotra,rahul.malhotra@example.com,hashedpassword45,,2025-02-05 17:20:00
46,Priya Das,priya.das@example.com,hashedpassword46,,2025-02-05 17:30:00
47,Rohit Singh,rohit.singh@example.com,hashedpassword47,,2025-02-05 17:40:00
48,Sneha Desai,sneha.desai@example.com,hashedpassword48,,2025-02-05 17:50:00
49,Akash Kumar,akash.kumar@example.com,hashedpassword49,,2025-02-05 18:00:00
50,Naina Sharma,naina.sharma@example.com,hashedpassword50,,2025-02-05 18:10:00
